contig,ocean,gene_callers_id,is_integron,COG_accession,COG_category,pnps_ERR315857,pnps_ERR599140,pnps_ERR599153,pnps_ERR315862,pnps_ERR594408,pnps_ERR599043,pnps_ERR318618,pnps_ERR318620,pnps_ERR594405,pnps_ERR599092,pnps_ERR594317,pnps_ERR315861,pnps_ERR594352,pnps_ERR594358,pnps_ERR315859,pnps_ERR315863,pnps_ERR594315,pnps_ERR598993,pnps_ERR599073,pnps_ERR598951,pnps_ERR315856,pnps_ERR594288,pnps_ERR594316,pnps_ERR315860,pnps_ERR315858,pnps_ERR594396,pnps_ERR318619,pnps_ERR318621,pnps_ERR599094,pnps_ERR594375,pnps_ERR594329
c_MHASMcontig_1486,MED,2793,non-integron,V,Defense mechanisms,0.03916475348076567,,,,,,,,,,,,,,,,,,,,,,,,,,,,,,
c_MHASMcontig_1486,MED,2794,non-integron,V,Defense mechanisms,0.06197961233742354,,,,,,,,,,,,,,,,,,,,0.19789329807306671,0.03063446120744868,,,,,,,,,
c_MHASMcontig_1486,MED,2796,non-integron,,,,,,,,,,,,,,,,,,,,,,,2.722047662028744,,,,,,,,,,
c_MHASMcontig_2629,MED,4951,integron,X,"Mobilome: prophages, transposons",,,,,,,,,,,,,,,,,,,,,0.6868512831066611,,,,,,,,,,
c_MHASMcontig_6913,MED,13215,non-integron,,,2.4811685362451104,,,,1.2843925589308491,,,,,,,,,,,,,,,,96.85267937738298,,,,,,,,,,
c_MHASMcontig_6913,MED,13217,non-integron,I,Lipid transport and metabolism,,,,,,,,,,,,,,,,,,,,,0.8271510098197913,,,,,,,,,,
c_MHASMcontig_6913,MED,13218,non-integron,I!!!I,Lipid transport and metabolism!!!Lipid transport and metabolism,,,,,,,,,,,,,,,,,,,,,0.7186296606647046,,,,,,,,,,
c_MHASMcontig_6913,MED,13219,non-integron,M,Cell wall/membrane/envelope biogenesis,,,,,,,,,,,,,,,,,,,,,2.0854095336243,,,,,,,,,,
c_MHASMcontig_6913,MED,13221,non-integron,H,Coenzyme transport and metabolism,,,,,,,,,,,,,,,,,,,,,1.4883568287051168,,,,,,,,,,
c_MHASMcontig_9087,MED,17215,integron,,,0.2869302428745696,,,,,,,,,,,,,,,,,,,,3.0479155076428293,,,,,,,,,,
c_MHASMcontig_9632,MED,18176,non-integron,R,General function prediction only,,,,,,,,,,,,,,,,,,,,,0.10457235301630627,,,,,,,,,,
c_MHASMcontig_9632,MED,18177,non-integron,J,"Translation, ribosomal structure and biogenesis",,,,,,,,,,,,,,,,,,,,,0.030941241335707918,,,,,,,,,,
c_MHASMcontig_9632,MED,18179,integron,,,,,,,,,,,,,,,,,,,,,,,,,,,,,,,,,0.0019560421669113856
c_MHASMcontig_9780,MED,18475,non-integron,X,"Mobilome: prophages, transposons",0.1479833454848209,,,,,,,,,,,,,,,,,,,,,,,,,,,,,,
c_MHASMcontig_9780,MED,18476,non-integron,,,0.199525458633252,,,,,,,,0.009574515660339495,,,,,,,,,,,,0.11406687517556935,,,,,,,,,,
c_MHASMcontig_9780,MED,18477,non-integron,X,"Mobilome: prophages, transposons",,,,,,,,,,,,,,,,,,,,,3.6067205799081754,,,,,,,,,,
c_MHASMcontig_12294,MED,23277,non-integron,T,Signal transduction mechanisms,,,,,,,,,,,,,,,,,,,,,3.3054066636670623,,,,,,,,,,
c_MHASMcontig_12294,MED,23279,integron,,,,,,,,,,,,,,,,,,,,,,,0.33074481688377266,,,,,,,,,,
c_MHASMcontig_14159,MED,26731,non-integron,X,"Mobilome: prophages, transposons",0.38984883948005145,,,,,,,,,,,,,,,,,,,,,,,,,,,,,,
c_MHASMcontig_14159,MED,26732,non-integron,,,0.2302132828365527,,,,,,,,,,,,,,,,,,,,1.549550948889196,,,,,,,,,,
c_MHASMcontig_14159,MED,26736,integron,,,,,,,,,,,,,,,,,,,,,,,5.806596063458778,,,,,,,,,,
c_MHASMcontig_15366,MED,29189,non-integron,R,General function prediction only,,,,,,,,,,,,,,,,,,,,,0.04581521977039299,,,,,,,,,,
c_MHASMcontig_15366,MED,29191,non-integron,L,"Replication, recombination and repair",0.05069119262553827,,,,,,,,,,,,,,,,,,,,0.0,,,,,,,,,,
c_MHASMcontig_15821,MED,29911,non-integron,X,"Mobilome: prophages, transposons",,,,,,,,,,,,,,,,,,,,,0.6976019385377504,,,,,,,,,,
c_MHASMcontig_15821,MED,29913,integron,V,Defense mechanisms,,,,,,,,,0.04763269957442769,,,,,,,,,,,,,,,,,,,,,,
c_MHASMcontig_15821,MED,29916,integron,,,,,,,,,,,0.2457620979426253,,,,,,,,,,,,,,,,,,,,,,
c_MHASMcontig_15821,MED,29917,integron,X,"Mobilome: prophages, transposons",,,,,,,,,0.3701945335980488,,,,,,,,,,,,,,,,,,,,,,
c_MHASMcontig_19284,MED,36238,non-integron,,,,,,,,,,,,,,,,,,,,,,,0.09886577910895612,,,,,,,,,,
c_MHASMcontig_19284,MED,36240,integron,X,"Mobilome: prophages, transposons",,,,,,,,,,,,,,,,,,,,,0.01693233441429157,,,,,,,,,,
c_MHASMcontig_22519,MED,42558,non-integron,E,Amino acid transport and metabolism,,,,,,,,,,,,,,,,,,,,,,,,,,,,,,,0.007278899059569394
c_MHASMcontig_22519,MED,42559,integron,I,Lipid transport and metabolism,,,,,,,,,,,,,,,,,,,,,0.31557569236358585,,,,,,,,,,0.10410265463246407
c_MHASMcontig_22519,MED,42560,integron,R,General function prediction only,,,,,,,,,,,,,,,,,,,,,,,,,,,,,,,0.01956240194836132
c_MHASMcontig_22860,MED,43158,non-integron,,,0.1862428858198642,,,,,,,,,,,,,,,,,,,,0.18792999125671989,,,,,,,,,,
c_MHASMcontig_22860,MED,43159,non-integron,X,"Mobilome: prophages, transposons",,,,,,,,,,,,,,,,,,,,,1.3487091749559152,,,,,,,,,,
c_MHASMcontig_22860,MED,43162,integron,T,Signal transduction mechanisms,,,,,,,,,,,,,,,,,,,,,0.7262796211049021,,,,,,,,,,
c_MHASMcontig_22860,MED,43163,integron,,,,,,,,,,,,,,,,,,,,,,,1.2314860159098524,,,,,,,,,,
c_MHASMcontig_30262,MED,57518,integron,,,,,,,,,,,,,,,,,,,,,,,0.6645276737393951,,,,,,,,,,
c_MHASMcontig_30672,MED,58234,integron,,,,,,,,,,,,,,,,,,,,,,,3.1317395664682985,,,,,,,,,,
c_MHASMcontig_30794,MED,58471,non-integron,,,,,,,,,,,,,,,,,,,,,,,5.097926937565466,,,,,,,,,,
c_MHASMcontig_34054,MED,64616,non-integron,J!!!V,"Translation, ribosomal structure and biogenesis!!!Defense mechanisms",,,,,,,,,,,,,,,,,,,,,0.4895752708978343,,,,,,,,,,
c_MHASMcontig_34054,MED,64618,non-integron,,,1.684600862982664,,,,,,,,,,,,,,,,,,,,2.180391894887783,,,,,,,,,,
c_MHASMcontig_36204,MED,69071,non-integron,,,0.7819221084438331,,,,,,,,,,,,,,,,,,,,0.027343200798005236,,,,,,,,,,
c_MHASMcontig_40304,MED,77371,non-integron,E,Amino acid transport and metabolism,,,,,,,,,,,,,,,,,,,,,1.0677426662103788,,,,,,,,,,
c_MHASMcontig_40304,MED,77372,non-integron,R,General function prediction only,,,,,,,,,,,,,,,,,,,,,0.5972950709984582,,,,,,,,,,
c_MHASMcontig_40304,MED,77373,non-integron,I,Lipid transport and metabolism,,,,,,,,,,,,,,,,,,,,,4.259019009034305,,,,,,,,,,
c_MHASMcontig_40304,MED,77374,non-integron,E,Amino acid transport and metabolism,,,,,,,,,,,,,,,,,,,,,1.3927223088930485,,,,,,,,,,
c_MHASMcontig_40304,MED,77375,non-integron,M,Cell wall/membrane/envelope biogenesis,,,,,,,,,,,,,,,,,,,,,0.8443690849286293,,,,,,,,,,
c_MHASMcontig_40304,MED,77377,integron,E,Amino acid transport and metabolism,,,,,,,,,,,,,,,,,,,,,1.5798610392826986,,,,,,,,,,
c_MHASMcontig_40304,MED,77379,non-integron,I,Lipid transport and metabolism,,,,,,,,,,,,,,,,,,,,,1.0069197250374595,,,,,,,,,,
c_MHASMcontig_40304,MED,77380,non-integron,E,Amino acid transport and metabolism,,,,,,,,,,,,,,,,,,,,,1.0092862932329638,,,,,,,,,,
c_MHASMcontig_40304,MED,77384,non-integron,M,Cell wall/membrane/envelope biogenesis,,,,,,,,,,,,,,,,,,,,,12.359005037798099,,,,,,,,,,
c_MHASMcontig_40304,MED,77385,non-integron,,,,,,,,,,,,,,,,,,,,,,,1.286545900463813,,,,,,,,,,
c_MHASMcontig_40304,MED,77387,non-integron,D,"Cell cycle control, cell division, chromosome partitioning",,,,,,,,,,,,,,,,,,,,,0.7002751045517839,,,,,,,,,,
c_MHASMcontig_40304,MED,77388,non-integron,D,"Cell cycle control, cell division, chromosome partitioning",,,,,,,,,,,,,,,,,,,,,2.1611985325653045,,,,,,,,,,
c_MHASMcontig_40304,MED,77389,non-integron,L,"Replication, recombination and repair",,,,,,,,,,,,,,,,,,,,,1.2543667251446304,,,,,,,,,,
c_MHASMcontig_40304,MED,77390,non-integron,,,,,,,,,,,,,,,,,,,,,,,10.885362750420922,,,,,,,,,,
c_MHASMcontig_40304,MED,77393,non-integron,U!!!U,"Intracellular trafficking, secretion, and vesicular transport!!!Intracellular trafficking, secretion, and vesicular transport",,,,,,,,,,,,,,,,,,,,,2.032981114008784,,,,,,,,,,
c_MHASMcontig_40304,MED,77394,non-integron,V,Defense mechanisms,,,,,,,,,,,,,,,,,,,,,0.8811967924812966,,,,,,,,,,
c_MHASMcontig_40304,MED,77395,non-integron,M,Cell wall/membrane/envelope biogenesis,,,,,,,,,,,,,,,,,,,,,0.644611371997292,,,,,,,,,,
c_MHASMcontig_40304,MED,77397,non-integron,M,Cell wall/membrane/envelope biogenesis,,,,,,,,,,,,,,,,,,,,,0.7165690118569861,,,,,,,,,,
c_MHASMcontig_40304,MED,77398,non-integron,I,Lipid transport and metabolism,,,,,,,,,,,,,,,,,,,,,0.3879476932183786,,,,,,,,,,
c_MHASMcontig_40304,MED,77399,non-integron,J,"Translation, ribosomal structure and biogenesis",,,,,,,,,,,,,,,,,,,,,0.7706527859821629,,,,,,,,,,
c_MHASMcontig_40304,MED,77400,non-integron,,,,,,,,,,,,,,,,,,,,,,,1.5222481423000551,,,,,,,,,,
c_MHASMcontig_40304,MED,77402,non-integron,J,"Translation, ribosomal structure and biogenesis",,,,,,,,,,,,,,,,,,,,,0.7554091334706191,,,,,,,,,,
c_MHASMcontig_40304,MED,77403,non-integron,C,Energy production and conversion,,,,,,,,,,,,,,,,,,,,,0.9249128432666074,,,,,,,,,,
c_MHASMcontig_40304,MED,77404,non-integron,R,General function prediction only,,,,,,,,,,,,,,,,,,,,,0.29103629707799883,,,,,,,,,,
c_MHASMcontig_40304,MED,77406,non-integron,C,Energy production and conversion,,,,,,,,,,,,,,,,,,,,,1.5089355871586023,,,,,,,,,,
c_MHASMcontig_41264,MED,79171,integron,,,,,,,,,,,,,,,,,,,,,,,0.8146843429691574,,,,,,,,,,
c_MHASMcontig_49115,MED,91503,non-integron,S,Function unknown,0.4741963295972424,,,,,,,,,,,,,,,,,,,,,,,,,,,,,,
c_MHASMcontig_50360,MED,93210,non-integron,,,,,,,,,,,,,,,,,,,,,,,0.1671266087225649,,,,,,,,,,
c_MHASMcontig_50360,MED,93211,integron,R,General function prediction only,,,,,,,,,,,,,,,,,,,,,0.1179871910736173,,,,,,,,,,
c_MHASMcontig_50360,MED,93217,non-integron,,,0.28360149520559025,,,,,,,,,,,,,,,,,,,,,,,,,,,,,,
c_MHASMcontig_50360,MED,93218,non-integron,R,General function prediction only,0.25042670032212544,,,,,,,,,,,,,,,,,,,,,,,,,,,,,,
c_MHASMcontig_50360,MED,93219,non-integron,E,Amino acid transport and metabolism,0.8658913183049414,,,,,,,,,,,,,,,,,,,,,,,,,,,,,,
c_MHASMcontig_50360,MED,93220,non-integron,I,Lipid transport and metabolism,0.08635558469044106,,,,,,,,,,,,,,,,,,,,,,,,,,,,,,
c_MHASMcontig_58196,MED,104311,integron,V,Defense mechanisms,0.7355495473800605,,,,,,,,,,,,,,,,,,,,,,,,,,,,,,
c_MHASMcontig_58196,MED,104313,integron,V,Defense mechanisms,0.12057797485746953,,,,,,,,,,,,,,,,,,,,,,,,,,,,,,
c_MHASMcontig_58196,MED,104316,non-integron,R,General function prediction only,1.0169318939867178,,,,,,,,,,,,,,,,,,,,,,,,,,,,,,
c_MHASMcontig_66971,MED,117971,non-integron,V,Defense mechanisms,0.2543985617073641,,,,,,,,0.16313258794543425,,,,,,,,,,,,,,,,,,,,,,
c_MHASMcontig_66971,MED,117972,integron,V,Defense mechanisms,0.07056959059277501,,,,,,,,0.11411315189263407,,,,,,,,,,,,,,,,,,,,,,
c_MHASMcontig_68290,MED,119771,non-integron,,,0.7287773637031986,,,,,,,,,,,,,,,,,,,,0.4437850107370807,,,,,,,,,,
c_MHASMcontig_68910,MED,120945,integron,R,General function prediction only,,,,,,,,,,,,,,0.07507082152974465,,,,,,,,,,,,,,,,,
c_MHASMcontig_68956,MED,121041,integron,X,"Mobilome: prophages, transposons",2.3814627972952747,,,,,,,,,,,,,,,,,,,,,,,,,,,,,,
c_MHASMcontig_69669,MED,122204,integron,,,0.6239217117438727,,,,,,,,,,,,,,,,,,,,,,,,,,,,,,
c_MHASMcontig_69669,MED,122206,integron,,,,,,,,,,,,,,,,,,,,,,,0.1578780278645528,,,,,,,,,,
c_MHASMcontig_72083,MED,125762,non-integron,X,"Mobilome: prophages, transposons",0.14112071573251944,,,,,,,,,,,,,,,,,,,,0.10818515565888576,,,,,,,,,,
c_MHASMcontig_72083,MED,125763,non-integron,X,"Mobilome: prophages, transposons",0.21339947536493786,,,,,,,,,,,,,,,,,,,,,,,,,,,,,,
c_MHASMcontig_79256,MED,136111,non-integron,H!!!R,Coenzyme transport and metabolism!!!General function prediction only,,,,,,0.3605687844671393,,,,,,,,,,,,,,0.7297075162836859,,0.3064222502977918,,,,,,,,,
c_MHASMcontig_79256,MED,136112,non-integron,F,Nucleotide transport and metabolism,0.1980016984571345,,,0.27251000903818884,,0.10711231688165353,,,,,0.19817382633564126,0.05358026999893874,,,,0.01695614871306015,,,,0.13268207591839995,,0.1842125326674498,,,0.0209507963489571,,,,,,
c_MHASMcontig_79256,MED,136113,non-integron,O,"Posttranslational modification, protein turnover, chaperones",0.08733880630418292,,,,,0.0807731852815455,,,,,0.009859624931064277,,,,,0.11257514687102936,,,,0.08673928876827648,,0.09154734700050833,,,0.1129204930106856,,,,,,
c_MHASMcontig_79584,MED,136604,integron,,,0.1942612409487046,,,,,,,,,,,,,,,,,,,,0.0,,,,,,,,,,
c_MHASMcontig_79584,MED,136607,integron,,,1.0297317809777378,,,,,,,,,,,,,,,,,,,,0.6528249939363281,,,,,,,,,,
c_MHASMcontig_89617,MED,153413,integron,,,,,,,,,,,0.029734859944579476,,,,,,,,,,,,,,,,,,,,,,
c_MHASMcontig_137895,MED,241655,non-integron,,,3.1968238691049278,,,,,,,,,,,,,,,,,,,,47.109542278429906,,,,,,,,,,
c_MHASMcontig_137895,MED,241656,integron,X,"Mobilome: prophages, transposons",,,,,,,,,,,,,,,,,,,,,0.011757404169015296,,,,,,,,,,
c_MHASMcontig_140690,MED,246904,non-integron,,,,,,,,,,,,,,,,,,,,,,,0.4784608349981891,,,,,,,,,,
c_MHASMcontig_162974,MED,288049,non-integron,,,,,,,,,,,,,,,,,,,,,,,0.2704507214454263,,,,,,,,,,
c_MHASMcontig_178660,MED,316774,integron,,,,,,,,,,,,,,,,,,,,,,,2.5648274600177947,,,,,,,,,,
c_MHASMcontig_196926,MED,349234,integron,,,,,,,,,,,,,,,,,,,,,,,,,,,,,,,,,0.04877049730042237
c_MHASMcontig_203467,MED,364562,non-integron,L,"Replication, recombination and repair",0.024656256989552733,,,,,,,,,,,,,,,,,,,,0.4997764564342665,,,,,,,,,,
c_MHASMcontig_203467,MED,364563,non-integron,I,Lipid transport and metabolism,0.13887903881929148,,,,,,,,0.06336837444667187,,,,,,,,,,,,0.07956963288226661,,,,,,,,,,
c_MHASMcontig_211879,MED,384114,non-integron,,,,,,,0.09000803505669366,,,,,,,,,,,,,,,,,,,,,,,,0.09746615010199364,0.0841315836583854,0.09434375359513793
c_MHASMcontig_233156,MED,433662,integron,L!!!D,"Replication, recombination and repair!!!Cell cycle control, cell division, chromosome partitioning",,,,,,,,,,,,,,,,,,,,,,,,,,,,,,,0.04330894261511683
c_MHASMcontig_236843,MED,442126,non-integron,H,Coenzyme transport and metabolism,,,,,,,,,,,,,,,,,,,,,,,,,,,,,,,0.15893516544075567
c_MHASMcontig_236843,MED,442127,non-integron,H,Coenzyme transport and metabolism,,,,,,,,,,,,,,,,,,,,,,,,,,,,,,,0.1386931505373776
c_MHASMcontig_236843,MED,442128,integron,T!!!K,Signal transduction mechanisms!!!Transcription,,,,,,,,,,,,,,,,,,,,,,,,,,,,,,,0.18356164383561546
c_MHASMcontig_236843,MED,442129,non-integron,L,"Replication, recombination and repair",,,,,,,,,,,,,,,,,,,,,,,,,,,,,,,0.07074614727189245
c_MHASMcontig_236843,MED,442130,non-integron,M,Cell wall/membrane/envelope biogenesis,,,,,,,,,,,,,,,,,,,,,,,,,,,,,,,0.3170406211480377
c_MHASMcontig_245745,MED,462878,non-integron,Q,"Secondary metabolites biosynthesis, transport and catabolism",,,,,,0.0554439927500193,0.09893233740512457,0.046670950928246496,,0.04051819913728395,,,,,0.06359495039739631,,,0.04691895616711378,,,0.05913249988755642,,,,,,,,0.04188238302803486,,0.056419924499204015
c_MHASMcontig_245745,MED,462879,integron,I!!!R,Lipid transport and metabolism!!!General function prediction only,,,,,,,,,,,,,,,,,,,,,,,,,,,,,,,0.024468573259096068
c_MHASMcontig_259106,MED,494038,non-integron,,,,,,,,,,,,,,,,,,,,,,,10.736646660880037,,,,,,,,,,
c_MHASMcontig_259106,MED,494040,integron,,,,,,,,,,,,,,,,,,,,,,,0.6099968609036266,,,,,,,,,,
c_MHASMcontig_259106,MED,494043,integron,,,,,,,,,,,,,,,,,,,,,,,1.7232597843550497,,,,,,,,,,
c_MHASMcontig_270248,MED,520077,integron,P,Inorganic ion transport and metabolism,,,,,,,,,,,,,,,,,,,,,,,,,,,,,,,0.4442727874641328
c_MHASMcontig_270248,MED,520078,integron,V,Defense mechanisms,,,,,,,,,,,,,,,,,,,,,,,,,,,,,,,0.1167976424361507
c_MHASMcontig_280856,MED,545731,non-integron,,,,,,,,,,,,,,,,,,,,,,,,,,,,,,,,,0.2088254551056564
c_MHASMcontig_280856,MED,545732,non-integron,T,Signal transduction mechanisms,,,,,,,,,,,,,,,,,,,,,,,,,,,,,,,0.1785091498142537
c_MHASMcontig_280856,MED,545738,integron,O,"Posttranslational modification, protein turnover, chaperones",,,,,,,,,,,,,,,,,,,,,,,,,,,,,,,0.551131025299852
c_MHASMcontig_318835,MED,627619,non-integron,,,,,,,,,,,1.017230133069961,,,,,,,,,,,,,,,,,,,,,,
c_MHASMcontig_320864,MED,631555,integron,X,"Mobilome: prophages, transposons",,,,,,,,,,,0.02811942600934009,,,,,,,,,,,0.034027229254657745,,,,,,,,,
c_MHASMcontig_331921,MED,652767,non-integron,,,,,,,,0.0,,,,,,,,,,,,,,,,,,,,,,,,,
c_MHASMcontig_334200,MED,656842,integron,,,0.12520119978999428,,,,,,,,0.010568608520838936,,,,,,,,,,,,,,,,,,,,,,
c_MHASMcontig_334200,MED,656843,integron,,,0.009054599719921012,,,,,,,,0.0016845846625230911,,,,,,,,,,,,0.06309978088867965,0.0,,,,,,,,,
c_MHASMcontig_334345,MED,657170,non-integron,,,0.6072033475638702,,,,,,,,,,,,,,,,,,,,,,,,,,,,,,
c_MHASMcontig_335739,MED,659810,integron,,,0.11038684429203867,,,,,,,,0.18785578747628004,,,,,,,,,,,,0.27879570131807385,,,,,,,,,,
c_MHASMcontig_335739,MED,659811,integron,,,0.4847197507593975,,,,,,,,,,,,,,,,,,,,,,,,,,,,,,
c_MHASMcontig_335739,MED,659812,integron,,,1.237416684755562,,,,1.2206444422583451,,,,2.2518167253735535,,1.3650112066553164,,,,,,,,,,1.4784106346392711,1.409647912574364,,,,,,,0.7259490268337611,,1.9256245873000648
c_MHASMcontig_339875,MED,667892,integron,G,Carbohydrate transport and metabolism,,,,,,,,,0.007119252374949946,,,,,,,,,,,,,,,,,,,,,,
c_MHASMcontig_373369,MED,730860,integron,,,,,,,,,,,,,,,,,,,,,,,0.0,,,,,,,,,,
c_MHASMcontig_380130,MED,743142,non-integron,L,"Replication, recombination and repair",,,,,,,,,,,,,,,,,,,,,0.7168759108198006,,,,,,,,,,
c_MHASMcontig_388790,MED,758920,non-integron,R,General function prediction only,,,,,,,,,,,,,,,,,,,,,,,,,,,,,,,0.04390843223863407
c_MHASMcontig_401169,MED,778440,non-integron,I,Lipid transport and metabolism,0.030463459468630917,,,,,0.0201476970186937,,,,,,,,,,,,,,,,,,,,,,,,,
c_MHASMcontig_421804,MED,804771,non-integron,,,,,,,0.045524619750948674,,0.03690283301285166,,,0.05328264256024533,,,0.0057618323477754895,,,,,0.047053428055644886,,,0.022415918581529668,,,,,,,,0.08477403845322734,0.10528180096506896,0.0709981253805905
c_MHASMcontig_421804,MED,804772,non-integron,,,,,,,0.08672533272728562,,,,,0.04174765769008181,,,0.009903012452934146,,,,,0.06965992222371152,,,,,,,,,,,0.1073080640604295,,0.06574910314740552
c_MHASMcontig_421804,MED,804775,non-integron,L,"Replication, recombination and repair",,,,,,,,,,0.4183321933833403,,,,,,,,0.3135073119351724,,,,,,,,,,,0.3720549662630958,,0.14405329728420882
c_MHASMcontig_421804,MED,804776,non-integron,,,,,,,0.08054410022965547,,,,,0.10015261477704557,,,,,,,,0.07932873536097285,,,,,,,,,,,0.0986623717438158,,0.08789602100916141
c_MHASMcontig_443861,MED,830690,non-integron,E,Amino acid transport and metabolism,,,,,,,,,,0.02549443382830935,,,,,0.024061255508785188,,0.00859677103879765,0.03611213475134767,,,0.009681559337907436,,,0.013758948020659748,,,,,0.03910395229479807,,0.03751250621379372
c_MHASMcontig_443861,MED,830691,integron,I,Lipid transport and metabolism,0.011134451864320978,,,,,,,,,0.0,,,,,0.04783297729287593,,0.022614084653232117,0.026656224947934317,,,0.062203001242224186,,,0.0,,,,,0.0507698143091909,,0.049357314998416585
c_MHASMcontig_463235,MED,853926,non-integron,K,Transcription,,,,0.05370136274972232,,0.06109735462441995,,,,0.07199587467488168,,,,,,,,0.07301294764264751,,,,,,,,,,,,,
c_MHASMcontig_463235,MED,853928,non-integron,F,Nucleotide transport and metabolism,,,,0.26191862612881,,,,,,,,,,,,,,,,,,,,,,,,,,,
c_MHASMcontig_463235,MED,853929,integron,F,Nucleotide transport and metabolism,,,,0.020297202038009225,,,,,,,,,,,,,,,,,,,,,,,,,,,
c_MHASMcontig_463235,MED,853930,integron,,,,,,0.09117294932153422,,,,,,,,,,,,,,,,,,,,,,,,,,,
c_MHASMcontig_463235,MED,853931,integron,,,,,,0.0011789318932680767,,,,,,,,,,,,,,,,,,,,,,,,,,,
c_MHASMcontig_502695,MED,900999,non-integron,,,,,,,,,,,,,,,,,,,,,,,,,,,,,,,0.022389981419204532,,
c_MHASMcontig_536909,MED,944388,non-integron,,,1.3088827712652304,,,,,,,,,,,,,,,,,,,,1.8793117361563036,,,,,,,,,,
c_MHASMcontig_536909,MED,944389,non-integron,L,"Replication, recombination and repair",,,,,,,,,,,,,,,,,,,,,0.31632831727035504,,,,,,,,,,
c_MHASMcontig_536909,MED,944390,integron,I,Lipid transport and metabolism,,,,,,,,,,,,,,,,,,,,,0.2080349583156,,,,,,,,,,
c_MHASMcontig_547802,MED,958870,integron,,,0.08854700990029549,,,,,,,,,,,,,,,,,,,,,,,,,,,,,,
c_MHASMcontig_547802,MED,958874,integron,,,0.4522085109822005,,,,,,,,,,,,,,,,,,,,0.4329060409724233,,,,,,,,,,
c_MHASMcontig_573980,MED,994113,non-integron,E!!!F,Amino acid transport and metabolism!!!Nucleotide transport and metabolism,,,,,,0.02989993738439574,,,,,,,,,,,,,,,,,,,,,,,,,
c_MHASMcontig_573980,MED,994114,integron,E!!!F,Amino acid transport and metabolism!!!Nucleotide transport and metabolism,,,,,,0.057861277519330276,,,,,,,,,,,,,,,,,,,,,,,,,
c_MHASMcontig_575142,MED,995236,non-integron,,,,,,,,,,,,,,,,,,,,,,,0.8327827074365515,,,,,,,,,,
c_MHASMcontig_575423,MED,995536,integron,H!!!K,Coenzyme transport and metabolism!!!Transcription,,,,,,,,,,,,,,,,,,,,,,,,,,,,,0.15518725478845075,,0.0
c_MHASMcontig_575423,MED,995537,integron,R,General function prediction only,,,,,,,,,,,,,,,,,,,,,,,,,,,,,0.13363457908440196,,
c_MHASMcontig_577297,MED,997600,non-integron,L,"Replication, recombination and repair",0.05885608769988341,,,,,,,,,,,,,,,,,,,,,,,,,,,,,,
c_MHASMcontig_585102,MED,1005803,non-integron,U,"Intracellular trafficking, secretion, and vesicular transport",0.07316944936237607,,,0.013620555763001118,,,,,,,,,,,,0.012943605405500094,,,,,,,,,,,,,,,
c_MHASMcontig_585102,MED,1005804,non-integron,U,"Intracellular trafficking, secretion, and vesicular transport",0.19539147045515254,,,0.0,,,,,,0.0,0.0,,,,,,,0.0,,,,0.00254833899373882,,,,,,,,,
c_MHASMcontig_585102,MED,1005805,non-integron,U,"Intracellular trafficking, secretion, and vesicular transport",0.22038276124301145,,,0.0395324041063173,,,,,,0.03229592115072083,0.03648375096044719,,,,,0.03855427390336919,,0.017270092156258913,,,,0.04806732562262499,,,,,,,,,
c_MHASMcontig_585102,MED,1005806,integron,U,"Intracellular trafficking, secretion, and vesicular transport",0.07488595926430343,,,0.03229550375554662,,,,,,0.11939071913571075,0.009046384018310559,,,,,0.02413207921837244,,0.09441077539986388,,,,0.08937933441088589,,,,,,,,,
c_MHASMcontig_585102,MED,1005807,integron,R,General function prediction only,0.052891996156303786,,,0.1938783935115015,,,,0.08191534249906322,,0.02395233810089613,,,,,,0.2136596645456337,,0.06408652150114952,,,,0.048220138476935806,,,,,,,,,
c_MHASMcontig_585102,MED,1005808,non-integron,J,"Translation, ribosomal structure and biogenesis",0.06583485267682093,,,,,,,,,0.01997570484163875,,,,,,,,0.020666170909827825,,,,0.0,,,,,,,,,
c_MHASMcontig_585102,MED,1005809,non-integron,J,"Translation, ribosomal structure and biogenesis",0.19881071030806285,,,,,,,,,0.18027802292979436,0.11201084843149177,,,,,,,0.09822631634319208,,,,0.11637810129518968,,,,,,,,,
c_MHASMcontig_585102,MED,1005810,non-integron,,,0.16524614543722968,,,,,,,,,0.06607624272217401,,,,,,,,0.10187274819952316,,,,0.0,,,,,,,,,
c_MHASMcontig_585102,MED,1005811,non-integron,H,Coenzyme transport and metabolism,0.0321895289851081,,,,,,,,,0.15027895112812736,0.10959407130637552,,,,,,,0.05474477144736642,,,,0.0624931273476489,,,,,,,,,
c_MHASMcontig_585102,MED,1005812,non-integron,O,"Posttranslational modification, protein turnover, chaperones",0.13155610565865233,0.2740744205105421,,,,,,,,0.10873077703742537,0.2261672746326897,,,,,,,0.14146495667428186,0.2133017831620796,,,0.16339196319183838,,,,,,,,,
c_MHASMcontig_585102,MED,1005813,non-integron,E,Amino acid transport and metabolism,0.024777325915769532,0.2594372971425354,,,,0.042144682444609366,,,,0.1052989348739106,0.06952071375960253,,,,,,,0.08650130074656859,0.19596370525112145,,,0.05155358920179995,,,,,,,,,
c_MHASMcontig_611666,MED,1031063,non-integron,R,General function prediction only,,,,0.03473689566146387,,0.0,,,,,,,,,,0.04693098465675874,,,,,,,,,,,,,,,
c_MHASMcontig_620389,MED,1037628,non-integron,J,"Translation, ribosomal structure and biogenesis",,,,,,0.010976760140639715,,,,,,,,,,,,,,,,,,,,,,,,,
c_MHASMcontig_620389,MED,1037629,integron,K,Transcription,0.022084543125299536,,,0.030254608391642106,,0.027589745120139186,0.02504421567212008,0.013625285911026064,,,,0.0,,,,0.013582847233887687,,,,,,0.02699039898338929,,,,,,,,,
c_MHASMcontig_620389,MED,1037630,integron,,,0.6099509076094479,,,,,0.8622666128973504,1.0936010194434171,0.7607122190917976,,,1.5331584824263218,,,,,1.2426286255365062,,,,,,0.5302598332303504,,,1.2443031856031581,,,,,,
c_MHASMcontig_620389,MED,1037631,integron,,,0.06747774391433603,,,,,0.01922753606724987,,,,,,,,,,,,,,,,0.03027398670859516,,,,,,,,,
c_MHASMcontig_643386,MED,1068827,non-integron,X,"Mobilome: prophages, transposons",,,,,,0.3472386900934285,,,,,,,,,,,,,,,,,,,,,,,,,
c_MHASMcontig_671752,MED,1132665,integron,J,"Translation, ribosomal structure and biogenesis",,,,0.922568210844066,,,,,,,,,,,,,,,,,,,,,,,,,,,
c_MHASMcontig_710598,MED,1219505,non-integron,M,Cell wall/membrane/envelope biogenesis,0.06757756188497971,,,,,0.05441719105964155,,,,,,,,,,,,,,,,,,,,,,,,,0.21231979190863465
c_MHASMcontig_754489,MED,1285576,non-integron,,,,,,,,,,,,,,,,,,,,,,,0.10004997618560484,,,,,,,,,,
c_MHASMcontig_754489,MED,1285577,integron,,,,,,,,,,,,,,,,,,,,,,,0.6642553946433286,,,,,,,,,,
c_MHASMcontig_754489,MED,1285579,non-integron,X,"Mobilome: prophages, transposons",,,,,,,,,,,,,,,,,,,,,0.05107254843301098,,,,,,,,,,
c_MHASMcontig_756544,MED,1289471,non-integron,R,General function prediction only,0.3696011889589448,,,,,,,,,,,,,,,,,,,,0.05226284502317539,,,,,,,,,,
c_MHASMcontig_756544,MED,1289473,integron,L,"Replication, recombination and repair",1.38182904432102,,,,,,,,,,,,,,,,,,,,,,,,,,,,,,
c_MHASMcontig_756544,MED,1289474,non-integron,,,0.08678473402439629,,,,,,,,,,,,,,,,,,,,0.12090797664674192,,,,,,,,,,
c_MHASMcontig_763845,MED,1303757,non-integron,T,Signal transduction mechanisms,4.069083065033147,,,,,,,,,,,,,,,,,,,,,,,,,,,,,,
c_MHASMcontig_763845,MED,1303759,integron,,,1.9890333554173716,,,,,,,,,,,,,,,,,,,,0.07649126469037265,,,,,,,,,,
c_MHASMcontig_771095,MED,1317611,non-integron,,,,,,,,,,,,,,,,,,,,,,,,,,,,,,,0.25553448787781463,,
c_MHASMcontig_771095,MED,1317614,non-integron,,,,,,,,,,,,,,,,,,,,,,,,,,,,,,,0.21470841838045188,,
c_MHASMcontig_771095,MED,1317615,non-integron,,,,,,,,,,,,,,,,,,,,,,,,,,,,,,,0.16367746415593892,,
c_MHASMcontig_771095,MED,1317616,non-integron,,,,,,,,,,,,,,,,,,,,,,,,,,,,,,,0.10218848726111322,,
c_MHASMcontig_780614,MED,1335981,non-integron,,,1.5492087520355835,,,,,,,,,,,,,,,,,,,,0.8367399225830925,,,,,,,,,,18.17905728424884
c_MHASMcontig_787007,MED,1348377,non-integron,,,,,,,,,,,,,,,,,,,0.005766118851199443,,,,,,,,,,,,0.0745114330298935,,0.057961532892075035
c_MHASMcontig_787007,MED,1348378,non-integron,P,Inorganic ion transport and metabolism,,,,,,,,,,,,,,,,,0.4121598769329791,,,,,,,,,,,,0.2604202029135832,,0.288744398943208
c_MHASMcontig_787007,MED,1348379,integron,E,Amino acid transport and metabolism,,,,,,,,,,,,,,,,,,,,,,,,,,,,,0.44771793369425583,,
c_MHASMcontig_789099,MED,1352692,non-integron,X,"Mobilome: prophages, transposons",,,,,,,,,0.18357705785102693,,,,,,,,,,,,0.0,,,,,,,,,,
c_MHASMcontig_790758,MED,1356064,non-integron,,,,,,0.8601694165915074,,0.3827583458272224,,,,,,,,,,,,,,,,,,,,,,,,,
c_MHASMcontig_790758,MED,1356065,non-integron,,,,,,2.1062072406865133,,2.8502753333837236,,,,,,,,,,,,,,,,,,,,,,,,,
c_MHASMcontig_794804,MED,1363894,non-integron,C,Energy production and conversion,,,,,,,,,,0.033119666132922984,,,,,,,,0.03217972692875113,,,,,,,,,,,,,0.033319300802816705
c_MHASMcontig_794804,MED,1363895,integron,C,Energy production and conversion,,,,,,,,,,0.03157471896691552,,,,,,,,0.04953917646415463,,,,,,,,,,,,,
c_MHASMcontig_794804,MED,1363896,integron,S,Function unknown,,,,0.276946735961869,,,,0.3047615573795616,,0.03471037035394076,,,,,,,,0.03570921684594888,,,,,,,,,,,,,
c_MHASMcontig_829733,MED,1427995,non-integron,E,Amino acid transport and metabolism,,,,,,,,,,,,,,,,,,,,,0.7284534042546602,,,,,,,,,,
c_5609,MED,2125985,non-integron,G,Carbohydrate transport and metabolism,,,,,,,,,,,,,,,,,,,,,0.9382849629518182,,,,,,,,,,
c_5609,MED,2125986,integron,,,,,,,,,,,,,,,,,,,,,,,1.2304882220814055,,,,,,,,,,
c_14286,MED,2232536,non-integron,L,"Replication, recombination and repair",1.4014073223863373,,,,,,,,,,,,,,,0.029471449404620893,,,,,,,,,,,,,,,
c_14286,MED,2232538,non-integron,Q,"Secondary metabolites biosynthesis, transport and catabolism",0.7315247023481957,,,,,,,,,,,,,,,0.06020095210121251,,,,,,,,,,,,,,,
c_14286,MED,2232540,non-integron,,,0.7576041340768811,,,,,,,,,,,,,,,0.0,,,,,,,,,,,,,,,
c_14286,MED,2232541,non-integron,R,General function prediction only,0.14296187331070118,,,,,,,,,,,,,,,,,,,,,,,,,,,,,,
c_14286,MED,2232542,non-integron,,,1.6127558483550748,,,,,,,,,,,,,,,0.14002680574956838,,,,,,,,,,,,,,,
c_14286,MED,2232543,non-integron,,,1.577913610513889,,,,,,,,,,,,,,,,,,,,,,,,,,,,,,
c_14286,MED,2232545,non-integron,P!!!H,Inorganic ion transport and metabolism!!!Coenzyme transport and metabolism,0.08654347039911864,,,,,,,,,,,,,,,,,,,,,,,,,,,,,,
c_14286,MED,2232546,non-integron,P,Inorganic ion transport and metabolism,0.229936939599964,,,,,,,,,,,,,,,,,,,,,,,,,,,,,,
c_14286,MED,2232547,non-integron,H,Coenzyme transport and metabolism,0.6645861105346161,,,,,,,,,,,,,,,,,,,,,,,,,,,,,,
c_14286,MED,2232548,non-integron,H,Coenzyme transport and metabolism,0.2827372156750812,,,,,,,,,,,,,,,,,,,,,,,,,,,,,,
c_14286,MED,2232549,non-integron,H,Coenzyme transport and metabolism,1.0139429699088722,,,,,,,,,,,,,,,,,,,,,,,,,,,,,,
c_14286,MED,2232550,non-integron,H,Coenzyme transport and metabolism,0.5636356489415093,,,,,,,,,,,,,,,0.06524872271584874,,,,,,,,,,,,,,,
c_14871,MED,2242168,non-integron,U,"Intracellular trafficking, secretion, and vesicular transport",0.3590449404583975,,,,,,,,,,,,,,,,,,,,,,,,,,,,,,
c_14871,MED,2242169,non-integron,L,"Replication, recombination and repair",0.4261094568981301,,,,,,,,,,,,,,,,,,,,,,,,,,,,,,
c_18696,MED,2295933,non-integron,R,General function prediction only,10.026666666666667,,,,,,,,,,,,,,,,,,,,,,,,,,,,,,
c_21351,MED,2329147,non-integron,X,"Mobilome: prophages, transposons",0.3256963843992238,,,,,,,,,,,,,,,,,,,,,,,,,,,,,,
c_21351,MED,2329151,non-integron,,,0.4818223036670229,,,,,,,,,,,,,,,,,,,,,,,,,,,,,,
c_21351,MED,2329152,integron,T!!!K,Signal transduction mechanisms!!!Transcription,1.0916698288430466,,,,,,,,,,,,,,,,,,,,,,,,,,,,,,
c_21351,MED,2329153,non-integron,X,"Mobilome: prophages, transposons",,,,,,,,,,,,,,,,,,,,,0.8701164373401988,,,,,,,,,,
c_34096,MED,2446390,non-integron,L,"Replication, recombination and repair",,,,,,0.3317942334788825,,,,,,,,,,,,,,,,,,,,,,,,,
c_34096,MED,2446395,integron,X,"Mobilome: prophages, transposons",,,,,,0.15037440568502358,,,,,,0.10551293199618128,,,0.118127076126185,,,,,,,,,0.1203067196156556,0.11371395382397385,,,,0.1296151655612987,,
c_73717,MED,2909981,non-integron,,,,,,,,,,,,,0.3211468030718547,,,,,,,,,,,0.7840984166997578,,,,,,,,,
c_94603,MED,3164201,non-integron,G,Carbohydrate transport and metabolism,,,,,,0.032114324893411664,,,,,,,,,,,,,,,,,,,,,,,0.10605285795055393,,0.01067744833560965
c_94603,MED,3164205,integron,,,,,,,,,,,,,,,,,,,,,,,,,,,,,,,,,1.0168262035583953
c_107456,MED,3288354,non-integron,L,"Replication, recombination and repair",,,,,,,,,,,,,,,,,,,,,,,,,,,,,0.054278297690951285,,
c_107456,MED,3288355,non-integron,H,Coenzyme transport and metabolism,,,,,,,,,,,,,,,,,,,,,,,,,,,,,0.16229883083658755,,
c_107456,MED,3288356,non-integron,H,Coenzyme transport and metabolism,,,,,,,,,,,,,,,,,,,,,,,,,,,,,0.10428188615624877,,
c_107456,MED,3288357,non-integron,J,"Translation, ribosomal structure and biogenesis",,,,,,,,,,,,,,,0.14417958418427101,,,,,,,,,0.07731991879320517,,,,,0.15445313084338744,,
c_107456,MED,3288358,integron,C,Energy production and conversion,,,,,,,,,,,,,,,0.016455438697268943,,,,,,,,,0.0,,,,,0.006945857105461624,,
c_107888,MED,3293273,non-integron,E,Amino acid transport and metabolism,,,,,,0.0021173936505954013,,,,,,,,,,,,,,,,,,,,,,,,,
c_107888,MED,3293278,non-integron,D!!!P,"Cell cycle control, cell division, chromosome partitioning!!!Inorganic ion transport and metabolism",,,,,,0.07796390216690388,,,,,,,,,,,,,,,,,,,,,,,,,
c_108410,MED,3300677,non-integron,O,"Posttranslational modification, protein turnover, chaperones",2.031498447204954,,,,,0.15489441134184154,,0.6097988760721638,,,0.6414834153747553,,,,,,,,,0.3184729452287738,,0.15852834030199206,,,,,,,,,
c_108410,MED,3300678,integron,,,0.4646455582322602,,,,,0.29178341870040697,0.2507539571827773,0.1983459469568254,,,0.26827318401046696,,,,0.005314908015711224,0.4436297165843446,,,,0.2918344552106397,,0.2553336728342373,,0.2285574550022305,,,,,0.3804923676629788,,
c_108410,MED,3300679,integron,,,0.2859177185817613,,,,,0.0902990652819668,0.03157221087219848,0.021805684542012302,,,0.08117960942832943,,,,,,,,,0.0659390348556857,,0.07776482623280494,,,,,,,,,
c_108410,MED,3300680,integron,,,,,,,,0.10716160814471368,0.17759095080613396,0.2743352563895969,,,0.07064468831918977,,,,,,,,,0.14453015053934232,,0.15117219636971108,,,,,,,,,
c_108410,MED,3300681,integron,J,"Translation, ribosomal structure and biogenesis",,,,,,0.032300680512768534,,,,,0.029206193067208633,,,,,,,,,,,0.0787910600751365,,,,,,,,,
c_108410,MED,3300682,integron,E,Amino acid transport and metabolism,1.5716111952462548,,,,,0.20620366677846064,0.15344858468632938,0.03866997943957708,,,0.32099495642257764,,,,,0.007936875795556155,,,,0.2190736375720847,3.190210000993249,0.23377625248140685,0.030237107754909755,,,,,,0.35370302618936184,,
c_113075,MED,3356334,non-integron,G,Carbohydrate transport and metabolism,0.2573088558565797,,,,,,,,,,,,,,,,,,,,0.014164190066630831,,,,,,,,,,
c_113075,MED,3356345,non-integron,L,"Replication, recombination and repair",0.2806307418656099,,,,,,,,,,,,,,,,,,,,0.22892378194545945,,,,,,,,,,
c_113075,MED,3356346,non-integron,R,General function prediction only,0.13642058467567006,,,,,,,,,,,,,,,,,,,,0.1953365442920656,,,,,,,,,,
c_113075,MED,3356347,non-integron,,,0.4428531555838335,,,,,,,,,,,,,,,,,,,,,,,,,,,,,,
c_113075,MED,3356348,non-integron,T!!!T!!!K!!!T!!!T,Signal transduction mechanisms!!!Signal transduction mechanisms!!!Transcription!!!Signal transduction mechanisms!!!Signal transduction mechanisms,0.05047571896458484,,,,,,,,,,,,,,,,,,,,0.03806213063205953,0.0,,,,,,,,,
c_113075,MED,3356350,non-integron,T!!!T,Signal transduction mechanisms!!!Signal transduction mechanisms,1.0281436506066524,,,,,,,,,,,,,,,,,,,,,,,,,,,,,,
c_113075,MED,3356351,non-integron,G,Carbohydrate transport and metabolism,0.5416826457859285,,,,,,,,,,,,,,,,,,,,0.7025771395857727,,,,,,,,,,
c_113075,MED,3356353,non-integron,R,General function prediction only,0.2930437579425462,,,,,,,,0.09300853208188614,,,,,,,,,,,,0.06089967567412158,,,,,,,,,,
c_113075,MED,3356354,integron,V,Defense mechanisms,0.3772646700696343,,,,,,,,,,,,,,,,,,,,,,,,,,,,,,
c_113513,MED,3360543,integron,T,Signal transduction mechanisms,,,,,,0.03746313308478582,,,,,,,,,,,,,,,,,,,,,,,,,
c_113513,MED,3360544,integron,T,Signal transduction mechanisms,,,,,,0.051830459280740086,,,,,,,,,,,,,,,,,,,,,,,,,
c_113513,MED,3360545,integron,T,Signal transduction mechanisms,,,,,,0.10602436426697592,,,,,,,,,,,,,,,,,,,,,,,,,
c_113513,MED,3360557,non-integron,F!!!T,Nucleotide transport and metabolism!!!Signal transduction mechanisms,,,,,,0.024700229282171908,,,,,,,,,,,,,,,,,,,,,,,,,
c_113513,MED,3360558,non-integron,C,Energy production and conversion,,,,,,0.01679983432637667,,,,,,,,,,,,,,,,,,,,,,,,,
c_113513,MED,3360559,non-integron,O!!!O,"Posttranslational modification, protein turnover, chaperones!!!Posttranslational modification, protein turnover, chaperones",,,,,,0.00344235947096364,,,,,,,,,,,,,,,,,,,,,,,,,
c_113513,MED,3360560,non-integron,K,Transcription,,,,,,0.06944099777122173,,,,,,,,,,,,,,,,,,,,,,,,,
c_113513,MED,3360561,non-integron,,,,,,,,0.0086954701631651,,,,,,,,,,,,,,,,,,,,,,,,,
c_113513,MED,3360562,non-integron,N,Cell motility,,,,,,0.0,,,,,,,,,,,,,,,,,,,,,,,,,
c_113513,MED,3360563,non-integron,,,,,,,,0.012744035019005224,,,,,,,,,,,,,,,,,,,,,,,,,
c_113513,MED,3360564,non-integron,K!!!N,Transcription!!!Cell motility,,,,,,0.031252587141376145,,,,,,,,,,,,,,,,,,,,,,,,,
c_113513,MED,3360565,non-integron,N,Cell motility,,,,,,0.10979256646511422,,,,,,,,,,,,,,,,,,,,,,,,,
c_113732,MED,3362549,non-integron,,,,,,,,0.09426299694833253,,,,,,,,,,0.0514702425466068,,,,,,,,,,,,,,,
c_113732,MED,3362550,non-integron,P,Inorganic ion transport and metabolism,,,,0.2831327341795758,,0.1731665422798874,,,,,,0.6056775948728205,,,,0.5176802221357497,,,,,,0.1328316777993115,,,1.6415936701742158,,,,,,
c_113732,MED,3362551,integron,,,,,,,,0.02614473098125519,,,,,,,,,,,,,,,,,,,,,,,,,
c_113732,MED,3362553,integron,M,Cell wall/membrane/envelope biogenesis,,,,0.1528776103756285,,0.18738243534284796,,,,,,,,,,,,,,,,,,,,,,,,,
c_113732,MED,3362554,integron,I,Lipid transport and metabolism,,,,,,0.0012312415631505393,,,,,,,,,,,,,,,,,,,,,,,,,
c_113732,MED,3362555,integron,I,Lipid transport and metabolism,,,,0.2226652401708648,,0.2928033784275524,,,,,,,,,,0.16125274414271307,,,,,,,,,0.05178071240605978,,,,,,
c_113732,MED,3362556,non-integron,I,Lipid transport and metabolism,0.0729056881681002,,,0.1885031938275273,,0.16724030537013546,,,,,0.0,0.07085370689802446,,,,,,,,,,0.09325900601457304,,,0.03102094234442689,,,,,,
c_113732,MED,3362557,non-integron,J,"Translation, ribosomal structure and biogenesis",,,,0.2010220029285692,,,,,,,,,,,,,,,,,,,,,,,,,,,
c_116250,MED,3388958,non-integron,J,"Translation, ribosomal structure and biogenesis",,,,,,,,,,0.0,,,,,,,,,,,,,,,,,,,,,0.002754590198933289
c_116250,MED,3388959,integron,F!!!P,Nucleotide transport and metabolism!!!Inorganic ion transport and metabolism,,,,,,,,,,0.016205193379689658,,,,,,,,0.0,,,,,,,,,,,0.006406625579547322,,0.022302098846279383
c_116250,MED,3388960,integron,V,Defense mechanisms,,,,,,,,,,,,,,,,,,,,,,,,,,,,,,,0.043633608263421726
c_116250,MED,3388961,integron,,,,,,,,,,,,,,,,,,,,0.005312836518018314,,,,,,,,,,,,,
c_116250,MED,3388962,non-integron,F,Nucleotide transport and metabolism,,,,,,,,,,,,,,,,,,,,,,,,,,,,,,,0.16452898797312754
c_116250,MED,3388964,non-integron,H,Coenzyme transport and metabolism,,,,,,,,,,0.12576776943485884,,,,,,,,,,,,,,,,,,,,,0.0
c_116250,MED,3388965,non-integron,G,Carbohydrate transport and metabolism,,,,,,,,,,0.0,,,,,,,,,,,,,,,,,,,,,0.007887207262012013
c_116250,MED,3388966,non-integron,,,,,,,,,,,,,,,,,,,,,,,,,,,,,,,,,0.10319074352708886
c_116250,MED,3388967,non-integron,R,General function prediction only,,,,,,,,,,0.06658920926996867,,,,,,,,,,,,,,,,,,,,,0.00857988305094851
c_116250,MED,3388968,non-integron,,,,,,,,,,,,0.022138365630628126,,,,,,,,,,,,,,,,,,,,,0.017298691738772125
c_116250,MED,3388969,non-integron,J,"Translation, ribosomal structure and biogenesis",,,,,,,,,,0.06027904062072551,,,,,,,,0.1021887294190957,,,,,,,,,,,,,0.12446361370123442
c_116250,MED,3388970,non-integron,,,,,,,,,,,,,,,,,,,,0.24208490210550246,,,,,,,,,,,,,0.2507776684778433
c_116250,MED,3388971,non-integron,M,Cell wall/membrane/envelope biogenesis,,,,,,,,,,,,,,,,,,,,,,,,,,,,,,,0.03754912822699495
c_116737,MED,3393554,non-integron,L,"Replication, recombination and repair",0.6388849332623601,,,,,0.04033756515670005,0.0466075679225151,,,,,,,,,,,,,,,0.0,,,,,,,,,
c_116737,MED,3393555,integron,H!!!C,Coenzyme transport and metabolism!!!Energy production and conversion,1.0096233480697596,,,,,0.22475806728575387,0.07330974789272443,0.13929313785192374,,,0.2760750392647916,,,,,,,,,0.18450721883868126,0.25220547916785346,0.13564971703429035,,,,,,,,,
c_116737,MED,3393556,integron,G,Carbohydrate transport and metabolism,1.005337618040104,,,,,0.0768279459200511,0.1399972828790723,0.6350230333385952,,,0.05613010714799704,,,,,,,,,0.1089738468443373,,0.052437040392804016,,,,,,,,,
c_116737,MED,3393557,non-integron,E,Amino acid transport and metabolism,0.4403887123232288,,,,,0.06370109347113283,0.05798821863176822,0.0,,,0.09882920322723697,,,,,,,,,0.06433425858707413,,0.08456962071620924,,,,,,,,,
c_118109,MED,3405962,non-integron,K,Transcription,,,,,,0.0,,,,,,,,,,,,,,,,,,,,,,,,,
c_118109,MED,3405966,non-integron,G,Carbohydrate transport and metabolism,,,,,,0.02644556517515069,,,,,,,,,,,,,,,,,,,,,,,,,
c_118109,MED,3405969,integron,E!!!R,Amino acid transport and metabolism!!!General function prediction only,,,,,,0.2706857309776173,,,,,,,,,,,,,,,,,,,,,,,,,
c_118109,MED,3405971,non-integron,C,Energy production and conversion,,,,,,0.16093166468753864,,,,,,,,,,,,,,,,,,,,,,,,,
c_123239,MED,3465348,non-integron,P,Inorganic ion transport and metabolism,,,,,,,,,,,,,,0.6014423995888754,,,,,,,,,,,,,,,,,
c_129248,MED,3519902,non-integron,F,Nucleotide transport and metabolism,,,,,,0.6961873810978148,,,,,,,,,,,,0.10465473885344934,,,,,,,,,,,0.004514253682167149,,0.046186761358082286
c_129248,MED,3519903,non-integron,D,"Cell cycle control, cell division, chromosome partitioning",,,,,,,,,,,,,,,,,,0.0695673489398213,,,,,,,,,,,,,0.098984549239969
c_129248,MED,3519908,integron,E!!!H,Amino acid transport and metabolism!!!Coenzyme transport and metabolism,,,,,,,,,,,,,,,,,,,,,,,,,,,,,,,0.01974471979794004
c_129248,MED,3519910,non-integron,E!!!H,Amino acid transport and metabolism!!!Coenzyme transport and metabolism,0.009944493979484551,,,,,0.0004002112174031895,,,,,,,,,,0.001862170216881224,,0.004699596736192458,,,,,,,,,,,,,
c_129248,MED,3519929,non-integron,C!!!C,Energy production and conversion!!!Energy production and conversion,,,,,,0.057961593705935024,,,,,,,,,,,,,,,,,,,,,,,,,
c_129248,MED,3519935,non-integron,R,General function prediction only,0.12708054121669302,,,0.12799831131885991,,0.1151741031805034,0.12551012441587805,0.11479438934735273,,0.12291799464196068,0.11302171861835315,0.1224111607510719,,,0.11765748610320953,0.1116300465318632,,0.1166800501420315,,0.12142092529870098,0.13424991407474965,0.12174981419224393,0.1312227846400699,0.10183701799089817,0.12573026966714046,,,,0.11399964145736535,,0.13889925757991534
c_136607,MED,3597947,non-integron,J,"Translation, ribosomal structure and biogenesis",0.15474006135916768,,,,,,,,,0.2214111086381176,0.2822903331543995,,,,,,,0.2557901451129533,,,,0.07890136174930226,,,,,,,,,
c_136607,MED,3597948,non-integron,J,"Translation, ribosomal structure and biogenesis",0.09943818470762812,,,,,,,,,,,,,,,,,0.12101113459831278,,,,,,,,,,,,,
c_136607,MED,3597949,non-integron,R,General function prediction only,0.048736699779499314,,,0.2143206864807929,,0.06646595760258668,,,,0.050846293249532035,,,,,,0.11840635407399593,,0.05924933209777706,,,,0.03629256066650143,,,,,,,,,
c_136607,MED,3597950,integron,U,"Intracellular trafficking, secretion, and vesicular transport",0.08903376355612651,,,0.0022384108845864216,,,,0.3219696969696973,,0.04691415469506213,0.07525389978224305,,,,,0.003675926981398972,,0.01062177839809355,,,,0.07801771021684371,,,,,,,,,
c_136607,MED,3597951,integron,U,"Intracellular trafficking, secretion, and vesicular transport",0.10746118597602232,,,0.08121854840159119,,,,,,0.026753241643313892,0.01948989353939073,,,,,0.03058033017462979,,0.002968823362329516,,,,0.035007862398572266,0.0,,,,,,,,
c_136607,MED,3597952,non-integron,U,"Intracellular trafficking, secretion, and vesicular transport",0.2925279286929544,,,0.0018864655949662789,,,,,,,,,,,,,,,,,,0.0,,,,,,,,,
c_136607,MED,3597953,non-integron,U,"Intracellular trafficking, secretion, and vesicular transport",0.13509822306834024,,,0.0015532659094304785,,,,0.009285486381069559,,,,,,,,0.0,,,,,,,,,,,,,,,
c_136607,MED,3597954,non-integron,M,Cell wall/membrane/envelope biogenesis,0.07094234320364164,,,0.14228781274215044,,,,,,0.060924824429214826,0.04751427279080918,,,,,,,0.043626403268671385,,,,0.058787383330762666,,,,,,,,,
c_136607,MED,3597955,non-integron,M!!!O,"Cell wall/membrane/envelope biogenesis!!!Posttranslational modification, protein turnover, chaperones",0.047617581809476436,,,,,,,,,0.07127049752062611,0.03223941127038883,,,,,,,0.056020379081579384,,,,0.04451181857977336,,,,,,,,,
c_136607,MED,3597956,non-integron,F,Nucleotide transport and metabolism,0.3703602237505089,,,,,,,,,0.2627121908603484,,,,,,,,0.3489444890502877,,,,1.0441409693454853,,,,,,,,,
c_136607,MED,3597957,non-integron,M,Cell wall/membrane/envelope biogenesis,0.08075482129849286,,,,,,,,,0.0,0.05719881330933911,,,,,,,0.12969445692330672,,,,0.11165335101424616,,,,,,,,,
c_136607,MED,3597958,non-integron,P,Inorganic ion transport and metabolism,0.3147634745942123,,,,,,,,,0.005164908108553618,0.6393317769482817,,,,,,,,,,,0.3165364992446825,,,,,,,,,
c_137030,MED,3602846,non-integron,,,,,,,,,,,0.04407020639860065,,,,,,,,,,,,,,,,,,,,,,
c_137030,MED,3602849,non-integron,,,,,,,,,,,0.6775401441174761,,,,,,,0.9279019873532102,,,,,,,,,,0.7584636636256944,,,,,
c_137030,MED,3602850,non-integron,,,,,,,,,,,,,,,,,,,,,,,,,,,,0.2175808726209252,,,,,
c_137030,MED,3602851,integron,,,,,,,,0.04545945713212096,,,0.08490799778068905,,,,,,,0.1341904989513462,,,,,,,,,,,,,,,
c_137030,MED,3602857,non-integron,R,General function prediction only,,,,,,,,,0.005793992440937805,,,,,,,0.0,,,,,,,,,,,,,,,
c_138214,MED,3615588,integron,C!!!P,Energy production and conversion!!!Inorganic ion transport and metabolism,0.046289600773901415,,,0.045117726256549896,,0.06905577676053193,,,,,,0.04307126621040495,,,,0.006177170895836357,,,,,0.042111830067962784,,,,0.02319593020945589,,,,,,0.04813072743019322
c_138214,MED,3615589,non-integron,O,"Posttranslational modification, protein turnover, chaperones",,,,,,0.18430767579376306,,,,,,,,,,,,,,,,,,,,,,,,,
c_138214,MED,3615591,non-integron,V!!!I,Defense mechanisms!!!Lipid transport and metabolism,0.059504806666049626,,,,,,,,,,,,,,,,,,,,,,,,,,,,,,
c_138214,MED,3615592,non-integron,P,Inorganic ion transport and metabolism,,,,,,0.08152299395104684,,,,,,,,,,,,,,,,,,,,,,,,,
c_139832,MED,3631509,non-integron,,,,,,,,,,,,,,,,,,,,,,,,,,,,0.08548168249660802,,,,,
c_139832,MED,3631510,non-integron,,,,,,,,,,,,,,,,,,,,,,,,,,,,0.2659213858685421,,,,,
c_139832,MED,3631518,integron,,,,,,,,,,,,,,,,,,,,,,,,,,,,0.6636251622088136,,,,,
c_139832,MED,3631522,non-integron,L,"Replication, recombination and repair",,,,,0.18685548492221035,,,,,,,,,0.2249965997486373,,,,,,,,0.4234926541643018,,,,0.4220662436928636,,,,,
c_139832,MED,3631524,non-integron,,,,,,,,,,,,,,,,,,,,,,,,,,,,0.13953753120123613,,,,,
c_139832,MED,3631526,non-integron,,,,,,,,,,,,,,,,,,,,,,,,,,,,0.07112356719522434,,,,,
c_139832,MED,3631527,non-integron,V,Defense mechanisms,,,,,,,,,,,,,,,,,,,,,,,,,,0.09332932563282244,,,,,
c_139832,MED,3631528,non-integron,,,,,,,,,,,,,,,,,,,,,,,,,,,,0.00868629524108333,,,,,
c_139832,MED,3631530,non-integron,,,,,,,,,,,,,,,,,,,,,,,,,,,,0.04765741922755468,,,,,
c_139832,MED,3631531,non-integron,,,,,,,,0.0962238460244866,,,,,,,,,,,,,,,,,,,,0.06532337250588728,,,,,
c_139832,MED,3631532,non-integron,,,,,,,,,,,,,,,,,,,,,,,,,,,,0.04760380195719365,,,,,
c_139832,MED,3631533,non-integron,,,,,,,,,,,,,,,,,,,,,,,,,,,,0.6443283067199334,,,,,
c_147090,MED,3710984,non-integron,P,Inorganic ion transport and metabolism,,,,0.8808397668622789,,0.8932672055808016,,,,,,0.4507064364207211,,,,,,,,,,0.4608419162893134,,,0.40076525481207664,,,,,,
c_147090,MED,3710985,non-integron,J,"Translation, ribosomal structure and biogenesis",0.24061642504633446,,,0.1306516656751011,,0.1798241710061378,0.06740342483607861,0.09586635563948533,,,0.09098891316005134,0.14386505712742956,,,,0.10869741453854004,,,,,,0.10441959536735998,,,0.1758298570058258,,,,,,
c_147090,MED,3710986,non-integron,L,"Replication, recombination and repair",0.12357647701064688,,,0.1462047474270214,,0.08060546236493593,,,,,0.02088549665278445,,,,,0.16095339885086926,,,,,,0.23905202836019945,,,,,,,,,
c_147090,MED,3710987,non-integron,F,Nucleotide transport and metabolism,0.08041787120003431,,,0.052864925263630284,,0.012942797651737387,,,,,0.0,,,,,0.0,,,,,,0.054985463248977635,,,,,,,,,
c_147090,MED,3710988,non-integron,M,Cell wall/membrane/envelope biogenesis,0.2233473091862324,,,0.24775921114807345,,0.2776321076559212,0.22983621599497345,0.1850521500830369,,,0.24807664533568194,0.2656437176709405,,,0.0935811865339408,0.2764830881401549,,,,0.2002223336670242,,0.24798394473750096,0.2175306231617808,0.4537582138250938,0.2494535185781395,,,,,,
c_147090,MED,3710989,integron,I,Lipid transport and metabolism,0.056876854186126063,,,0.0011501108475470035,,0.003925432634896206,,,,,0.04623381424121945,0.0,,,0.0,0.01885708441727026,,,,,,0.02703902153187749,,0.005258636013509519,0.0,,,,,,
c_147090,MED,3710990,integron,I,Lipid transport and metabolism,0.1553207034619543,,,0.20027236978173285,,0.22266400086520435,,,,,0.0,,,,,0.16279934742295415,,,,,,0.061240063112061024,,,0.3695543686125493,,,,,,
c_147090,MED,3710991,non-integron,I,Lipid transport and metabolism,0.045927938948878776,,,0.07873759915487746,,0.07361723979034819,,,,,0.04161143965648365,,,,,0.025080457231347192,,,,,,0.036927975708486604,,,,,,,,,
c_147090,MED,3710992,non-integron,J,"Translation, ribosomal structure and biogenesis",0.06305492984305401,,,0.013405623370825863,,0.0,,,,,0.059142020595734736,,,,,0.015922969104402402,,,,,,0.058225946909750324,,,,,,,,,
c_148208,MED,3723521,non-integron,,,,,,,,,,,,0.1513814374876001,,,,,,,,,,,,,,,,,,,,,
c_148208,MED,3723523,non-integron,P,Inorganic ion transport and metabolism,,,,,,,,,,0.06812374526655432,,,,,,,,,,,,,,,,,,,,,
c_148208,MED,3723527,non-integron,P,Inorganic ion transport and metabolism,,,,,,,,,,0.08313676521295922,,,,,,,,0.15798587006481246,,,,,,,,,,,,,0.2535018734861785
c_148208,MED,3723528,non-integron,V,Defense mechanisms,,,,,,,,,,0.1755527494169829,,,,,,,,0.18582132236137264,,,,,,,,,,,,,0.09417815943788596
c_149011,MED,3732362,non-integron,E,Amino acid transport and metabolism,0.004101768801879171,,,0.005955798796940741,,0.0027283265892189003,0.00749427075502979,0.0035153493759016337,,0.005161766382139007,0.0,0.0043592460029860634,,,,0.0014566795085279873,,0.006327008900741933,0.009177201719661163,,,0.009046680034462766,,,0.003561430786485109,,,,0.004502439255290691,,0.0034711964232878585
c_149011,MED,3732363,non-integron,,,,,,0.17437257461294678,,0.22075876976863848,0.20883742037971773,0.21845920746678602,,0.1642026944761904,,,,,,0.22656520908566716,,0.21417022059435314,,,,,,,,,,,0.14901758646544486,,0.15129583158817395
c_149011,MED,3732365,integron,,,,,,,,,,,,0.17331129756759062,,,,,,,,,,,,,,,,,,,,,
